code,code_name,close,mktcap
sh.600000,浦发银行,9.03,3022.64
sh.600004,白云机场,8.52,202.6
sh.600006,东风股份,6.78,136.46
sh.600007,中国国贸,21.65,219.14
sh.600009,上海机场,26.83,555.16
sh.600011,华能国际,7.7,819.84
sh.600012,皖通高速,15.92,184.26
sh.600015,华夏银行,6.57,1019.75
sh.600019,宝钢股份,6.35,1393.35
sh.600021,上海电力,18.22,508.66
sh.600023,浙能电力,6.0,794.82
sh.600025,华能水电,9.63,1792.13
sh.600026,中远海能,22.45,864.02
sh.600030,中信证券,27.15,3304.74
sh.600031,三一重工,21.39,1798.54
sh.600032,浙江新能,11.44,261.51
sh.600036,招商银行,37.88,7827.97
sh.600037,歌华有线,8.13,113.28
sh.600038,中直股份,31.24,209.07
sh.600039,四川路桥,7.99,699.72
sh.600048,保利发展,6.51,781.12
sh.600054,黄山旅游,11.35,58.5
sh.600055,万东医疗,13.41,97.08
sh.600056,中国医药,10.44,156.13
sh.600057,厦门象屿,6.85,144.73
sh.600058,五矿发展,11.7,124.89
sh.600059,古越龙山,8.65,79.12
sh.600060,海信视像,25.18,326.56
sh.600061,国投资本,6.76,430.33
sh.600062,华润双鹤,17.85,186.21
sh.600063,皖维高新,6.63,138.32
sh.600064,南京高科,8.08,142.6
sh.600066,宇通客车,36.0,788.12
sh.600071,凤凰光学,19.98,56.72
sh.600072,中船科技,13.9,147.65
sh.600075,新疆天业,6.11,108.22
sh.600078,澄星股份,14.9,97.98
sh.600081,东风科技,11.98,67.26
sh.600085,同仁堂,27.77,380.97
sh.600088,中视传媒,16.69,64.74
sh.600089,特变电工,29.13,1422.54
sh.600095,湘财股份,9.12,260.38
sh.600096,云天化,34.48,633.91
sh.600098,广州发展,7.43,252.87
sh.600100,同方股份,9.1,294.82
sh.600101,明星电力,10.44,55.95
sh.600104,上汽集团,13.3,1552.88
sh.600105,永鼎股份,51.83,732.84
sh.600106,重庆路桥,6.02,80.47
sh.600109,国金证券,9.21,339.08
sh.600110,诺德股份,11.07,192.83
sh.600111,北方稀土,56.16,2005.52
sh.600113,浙江东日,45.11,192.67
sh.600114,东睦股份,35.16,215.76
sh.600116,三峡水利,6.89,129.97
sh.600118,中国卫星,112.0,1318.05
sh.600123,兰花科创,6.68,99.6
sh.600125,铁龙物流,6.02,79.07
sh.600126,杭钢股份,9.45,317.52
sh.600129,太极集团,15.39,86.0
sh.600131,国网信通,18.5,215.96
sh.600132,重庆啤酒,52.67,258.01
sh.600133,东湖高新,9.72,99.08
sh.600135,乐凯胶片,11.73,65.75
sh.600138,中青旅,8.81,64.22
sh.600141,兴发集团,34.69,399.09
sh.600143,金发科技,17.63,468.13
sh.600150,中国船舶,41.77,3086.27
sh.600151,航天机电,15.71,217.91
sh.600152,维科技术,14.68,78.98
sh.600153,建发股份,10.28,295.59
sh.600155,华创云信,6.34,140.35
sh.600158,中体产业,13.73,130.43
sh.600160,巨化股份,35.2,961.91
sh.600161,天坛生物,14.16,282.44
sh.600163,中闽能源,6.93,126.49
sh.600167,联美控股,7.02,157.25
sh.600171,上海贝岭,30.25,211.45
sh.600172,黄河旋风,11.84,125.49
sh.600173,卧龙新能,7.53,52.2
sh.600176,中国巨石,38.1,1503.13
sh.600177,雅戈尔,7.72,360.27
sh.600183,生益科技,94.18,2027.01
sh.600184,光电股份,29.12,154.11
sh.600186,莲花控股,10.72,186.23
sh.600188,兖矿能源,20.77,1271.74
sh.600189,泉阳泉,8.58,60.38
sh.600191,华资实业,12.07,59.62
sh.600195,中牧股份,7.27,75.13
sh.600196,复星医药,24.97,529.3
sh.600197,伊力特,12.03,57.51
sh.600198,大唐电信,10.16,123.38
sh.600199,金种子酒,7.85,52.24
sh.600201,生物股份,14.21,166.42
sh.600203,福日电子,12.99,77.65
sh.600206,有研新材,31.12,262.35
sh.600207,安彩高科,6.56,69.49
sh.600210,紫江企业,6.94,105.14
sh.600211,西藏药业,42.86,136.65
sh.600216,浙江医药,14.18,136.1
sh.600223,福瑞达,6.65,67.9
sh.600230,沧州大化,17.53,73.09
sh.600233,圆通速递,20.65,718.95
sh.600234,科新发展,29.59,75.45
sh.600236,桂冠电力,11.97,897.97
sh.600237,铜峰电子,9.5,58.63
sh.600246,万通发展,13.14,239.38
sh.600251,冠农股份,12.19,96.31
sh.600256,广汇能源,6.2,398.2
sh.600258,首旅酒店,14.26,162.46
sh.600259,中稀有色,104.58,346.36
sh.600267,海正药业,11.47,138.52
sh.600268,国电南自,16.64,161.49
sh.600271,航天信息,8.63,160.05
sh.600273,嘉化能源,8.11,105.89
sh.600276,恒瑞医药,55.86,3470.98
sh.600278,东方创业,7.49,63.81
sh.600284,浦东建设,7.63,74.64
sh.600285,羚锐制药,21.81,124.02
sh.600288,大恒科技,15.18,67.07
sh.600292,电投水电,15.81,70.3
sh.600295,鄂尔多斯,15.1,302.33
sh.600298,安琪酵母,36.7,321.99
sh.600299,安迪苏,12.64,337.83
sh.600301,华锡有色,60.31,167.37
sh.600305,恒顺醋业,7.41,82.37
sh.600309,万华化学,83.33,2626.38
sh.600312,平高电气,23.45,303.8
sh.600313,农发种业,7.27,77.83
sh.600315,上海家化,19.6,135.07
sh.600316,洪都航空,34.36,255.11
sh.600323,瀚蓝环境,30.97,254.39
sh.600326,西藏天路,9.57,130.7
sh.600328,中盐化工,8.1,119.1
sh.600329,达仁堂,43.64,242.2
sh.600330,天通股份,35.07,380.64
sh.600331,宏达股份,17.82,359.08
sh.600332,白云山,22.85,320.75
sh.600336,澳柯玛,8.19,63.88
sh.600338,西藏珠峰,22.9,222.53
sh.600343,航天动力,40.12,240.69
sh.600345,长江通信,59.8,119.96
sh.600346,恒力石化,22.57,1578.46
sh.600348,华阳股份,9.54,360.25
sh.600350,山东高速,11.09,536.28
sh.600352,浙江龙盛,12.53,408.3
sh.600353,旭光电子,19.58,154.79
sh.600362,江西铜业,50.06,1010.11
sh.600363,联创光电,46.9,211.66
sh.600366,宁波韵升,13.72,149.3
sh.600367,红星发展,24.91,77.11
sh.600372,中航机载,13.54,651.54
sh.600373,中文传媒,8.29,113.57
sh.600377,宁沪高速,12.38,466.83
sh.600378,昊华科技,35.24,370.05
sh.600379,宝光股份,18.91,58.94
sh.600380,健康元,10.87,198.9
sh.600382,广东明珠,8.38,58.3
sh.600388,龙净环保,19.69,245.14
sh.600389,江山股份,27.8,121.47
sh.600391,航发科技,44.57,139.07
sh.600392,盛和资源,26.49,467.55
sh.600396,华电辽能,16.56,200.94
sh.600397,江钨装备,15.09,149.9
sh.600398,海澜之家,6.11,302.52
sh.600406,国电南瑞,28.02,2148.5
sh.600409,三友化工,7.45,152.22
sh.600410,华胜天成,24.38,253.71
sh.600415,小商品城,13.07,717.32
sh.600416,湘电股份,12.91,191.04
sh.600418,江淮汽车,48.41,1091.5
sh.600420,国药现代,9.46,128.46
sh.600422,昆药集团,9.16,70.95
sh.600426,华鲁恒升,34.5,748.36
sh.600428,中远海特,8.22,203.81
sh.600435,北方导航,14.79,225.93
sh.600436,片仔癀,137.85,845.68
sh.600438,通威股份,17.21,776.58
sh.600446,金证股份,13.73,130.11
sh.600449,宁夏建材,13.99,65.0
sh.600452,涪陵电力,12.49,187.09
sh.600456,宝钛股份,35.88,169.81
sh.600458,时代新材,12.51,107.35
sh.600459,贵研铂业,21.3,161.64
sh.600460,士兰微,31.51,499.1
sh.600461,洪城环境,10.4,131.43
sh.600468,百利电气,7.92,85.0
sh.600475,华光环能,19.01,167.45
sh.600478,科力远,7.1,122.45
sh.600480,凌云股份,11.88,137.32
sh.600481,双良节能,6.33,131.67
sh.600482,中国动力,41.39,871.31
sh.600483,福能股份,10.41,284.22
sh.600486,扬农化工,65.93,273.05
sh.600487,亨通光电,75.43,1855.27
sh.600488,津药药业,7.2,71.07
sh.600489,中金黄金,26.82,1325.66
sh.600490,鹏欣资源,8.83,177.83
sh.600497,驰宏锌锗,10.67,507.92
sh.600498,烽火通信,60.82,717.12
sh.600499,科达制造,18.31,357.05
sh.600501,航天晨光,24.4,104.54
sh.600505,西昌电力,13.98,50.65
sh.600508,上海能源,13.62,98.61
sh.600509,天富能源,9.39,122.42
sh.600510,黑牡丹,9.49,111.92
sh.600511,国药股份,28.32,157.48
sh.600513,联环药业,20.8,61.54
sh.600517,国网英大,6.03,341.32
sh.600521,华海药业,16.95,251.54
sh.600522,中天科技,43.6,1422.02
sh.600523,贵航股份,13.85,55.58
sh.600528,中铁工业,7.95,176.36
sh.600529,山东药玻,18.31,122.28
sh.600530,交大昂立,7.93,50.64
sh.600531,豫光金铅,16.58,197.96
sh.600535,天士力,14.96,223.66
sh.600536,中国软件,41.77,349.07
sh.600545,卓郎智能,6.28,102.56
sh.600546,山煤国际,13.68,272.55
sh.600547,山东黄金,34.75,1282.48
sh.600548,深高速,9.07,154.83
sh.600549,厦门钨业,58.89,915.45
sh.600550,保变电气,16.76,294.74
sh.600551,时代出版,8.22,54.45
sh.600552,凯盛科技,18.2,162.21
sh.600556,天下秀,6.16,112.25
sh.600557,康缘药业,13.27,76.36
sh.600559,老白干酒,13.48,123.28
sh.600562,国睿科技,27.46,346.0
sh.600563,法拉电子,132.7,284.39
sh.600566,济川药业,28.55,262.69
sh.600570,恒生电子,27.35,520.75
sh.600571,信雅达,13.43,60.62
sh.600577,精达股份,13.99,293.92
sh.600580,卧龙电驱,40.58,629.88
sh.600583,海油工程,6.36,283.09
sh.600584,长电科技,57.49,943.98
sh.600585,海螺水泥,21.25,850.5
sh.600587,新华医疗,13.76,83.2
sh.600588,用友网络,12.02,415.66
sh.600589,大位科技,13.56,183.13
sh.600590,泰豪科技,16.24,138.18
sh.600592,龙溪股份,19.67,80.15
sh.600595,中孚实业,7.71,312.42
sh.600596,新安股份,12.5,165.76
sh.600597,光明乳业,7.29,101.44
sh.600598,北大荒,16.83,298.43
sh.600600,青岛啤酒,62.15,443.51
sh.600601,方正科技,14.2,547.7
sh.600602,云赛智联,23.84,248.42
sh.600605,汇通能源,33.81,69.99
sh.600610,中毅达,10.06,74.27
sh.600612,老凤祥,38.53,123.34
sh.600618,氯碱化工,12.34,92.64
sh.600619,海立股份,18.24,143.97
sh.600621,华鑫股份,14.89,153.42
sh.600623,华谊集团,9.45,184.69
sh.600629,华建集团,20.32,203.3
sh.600633,浙数文化,13.64,174.01
sh.600637,东方明珠,10.22,350.84
sh.600639,浦东金桥,10.33,88.09
sh.600640,国脉文化,13.29,101.65
sh.600641,先导基电,29.2,268.35
sh.600642,申能股份,9.55,466.97
sh.600644,乐山电力,12.37,69.87
sh.600645,中源协和,24.35,115.39
sh.600648,外高桥,10.07,114.35
sh.600651,飞乐音响,7.22,180.93
sh.600660,福耀玻璃,57.14,1182.81
sh.600663,陆家嘴,8.6,272.23
sh.600666,奥瑞德,6.07,144.18
sh.600667,太极实业,13.26,238.12
sh.600673,东阳光,39.28,1194.56
sh.600674,川投能源,15.39,748.54
sh.600676,交运股份,7.7,83.75
sh.600682,南京新百,6.43,77.01
sh.600683,京投发展,19.26,134.17
sh.600685,中船防务,32.57,261.48
sh.600686,金龙汽车,14.97,109.39
sh.600690,海尔智家,21.08,1336.75
sh.600693,东百集团,11.43,99.88
sh.600694,大商股份,18.34,62.65
sh.600698,湖南天雁,7.99,63.23
sh.600699,均胜电子,30.0,395.76
sh.600702,舍得酒业,43.14,146.37
sh.600703,三安光电,16.84,792.73
sh.600707,彩虹股份,10.45,333.39
sh.600710,苏美达,12.61,162.37
sh.600711,盛屯矿业,14.53,448.61
sh.600714,金瑞矿业,25.47,69.23
sh.600718,东软集团,9.13,110.34
sh.600720,中交设计,6.65,67.2
sh.600722,金牛化工,12.21,92.28
sh.600724,宁波富达,8.42,114.43
sh.600726,华电能源,8.47,578.64
sh.600732,爱旭股份,14.56,310.11
sh.600733,北汽蓝谷,7.06,346.82
sh.600736,苏州高新,9.25,111.07
sh.600737,中粮糖业,16.46,330.04
sh.600739,辽宁成大,11.84,182.76
sh.600741,华域汽车,18.04,573.82
sh.600742,富维股份,9.24,70.18
sh.600744,华银电力,9.09,183.31
sh.600746,江苏索普,7.56,91.61
sh.600750,华润江中,24.01,150.83
sh.600754,锦江酒店,22.66,212.05
sh.600755,厦门国贸,6.33,134.14
sh.600756,浪潮软件,16.99,55.38
sh.600757,长江传媒,8.65,104.8
sh.600760,中航沈飞,49.07,1388.92
sh.600761,安徽合力,20.64,176.4
sh.600763,通策医疗,40.9,185.35
sh.600764,中国海防,24.27,171.35
sh.600765,中航重机,16.42,254.1
sh.600769,祥龙电业,22.0,71.34
sh.600770,综艺股份,7.96,105.99
sh.600771,广誉远,16.09,80.06
sh.600773,西藏城投,22.33,234.31
sh.600775,南京熊猫,13.38,89.4
sh.600776,东方通信,18.3,175.46
sh.600779,水井坊,32.16,158.97
sh.600780,通宝能源,7.52,82.87
sh.600783,鲁信创投,23.48,177.59
sh.600789,鲁抗医药,8.39,76.29
sh.600791,京能置业,14.96,65.19
sh.600797,浙大网新,9.26,94.71
sh.600801,华新建材,21.12,283.6
sh.600803,新奥股份,20.83,626.57
sh.600809,山西汾酒,133.8,1704.52
sh.600810,神马股份,7.35,80.83
sh.600814,杭州解百,7.46,55.91
sh.600817,宇通重工,11.12,60.35
sh.600819,耀皮玻璃,7.21,51.56
sh.600821,金开新能,9.45,176.83
sh.600826,兰生股份,9.84,72.73
sh.600827,百联股份,8.27,134.65
sh.600829,人民同泰,9.76,57.08
sh.600835,上海机电,23.88,197.78
sh.600839,四川长虹,8.87,406.17
sh.600841,动力新科,8.89,89.09
sh.600845,宝信软件,24.18,512.86
sh.600846,同济科技,12.72,79.95
sh.600848,上海临港,8.95,217.53
sh.600850,电科数字,19.88,135.64
sh.600851,海欣股份,8.03,63.07
sh.600855,航天长峰,20.95,94.55
sh.600859,王府井,11.94,135.72
sh.600861,北京人力,15.71,58.21
sh.600862,中航高科,21.08,292.51
sh.600864,哈投股份,6.11,127.65
sh.600867,通化东宝,9.04,178.63
sh.600869,远东股份,23.07,461.31
sh.600872,中炬高新,20.98,159.92
sh.600873,梅花生物,9.36,264.21
sh.600874,创业环保,6.24,77.09
sh.600875,东方电气,40.85,886.04
sh.600877,电科芯片,17.33,207.07
sh.600879,航天电子,25.93,857.93
sh.600882,妙可蓝多,18.98,101.3
sh.600884,杉杉股份,16.16,304.55
sh.600885,宏发股份,32.67,503.39
sh.600886,国投电力,13.57,1012.95
sh.600887,伊利股份,27.9,1749.91
sh.600888,新疆众和,8.81,134.6
sh.600893,航发动力,51.38,1318.49
sh.600894,广日股份,8.9,77.92
sh.600895,张江高科,37.15,584.35
sh.600897,厦门空港,15.86,66.29
sh.600900,长江电力,27.0,6620.58
sh.600901,江苏金租,6.77,386.26
sh.600903,贵州燃气,6.97,74.48
sh.600906,财达证券,6.61,138.61
sh.600916,中国黄金,8.9,151.53
sh.600918,中泰证券,6.02,236.74
sh.600919,江苏银行,11.23,2069.02
sh.600926,杭州银行,16.65,1215.95
sh.600927,永安期货,15.41,216.57
sh.600929,雪天盐业,6.91,113.8
sh.600930,华电新能,6.71,208.34
sh.600933,爱柯迪,17.92,172.97
sh.600938,中国海油,36.21,1089.71
sh.600941,中国移动,97.89,875.7
sh.600955,维远股份,18.49,102.76
sh.600956,新天绿能,9.03,207.26
sh.600958,东方证券,9.98,715.37
sh.600961,株冶集团,29.38,224.98
sh.600962,国投中鲁,24.61,62.45
sh.600966,博汇纸业,6.13,83.8
sh.600967,内蒙一机,14.37,245.26
sh.600970,中材国际,9.12,243.38
sh.600971,恒源煤电,7.69,94.75
sh.600973,宝胜股份,7.92,104.84
sh.600977,中国电影,14.53,262.88
sh.600982,宁波能源,7.34,73.58
sh.600983,惠而浦,9.07,70.58
sh.600985,淮北矿业,13.27,367.42
sh.600986,浙文互联,11.17,162.8
sh.600987,航民股份,7.03,72.1
sh.600988,赤峰黄金,40.8,700.7
sh.600989,宝丰能源,28.47,2070.97
sh.600990,四创电子,22.99,62.33
sh.600993,马应龙,26.07,110.93
sh.600995,南网储能,15.28,480.82
sh.600996,贵广网络,8.44,107.29
sh.600999,招商证券,16.14,1192.88
sh.601001,晋控煤业,17.28,299.44
sh.601009,南京银行,11.19,1395.36
sh.601012,隆基绿能,16.78,1256.34
sh.601019,山东出版,7.49,157.83
sh.601020,华钰矿业,29.25,245.39
sh.601021,春秋航空,46.41,462.26
sh.601022,宁波远洋,8.81,115.76
sh.601038,一拖股份,13.71,100.71
sh.601058,赛轮轮胎,13.13,444.23
sh.601059,信达证券,17.07,551.93
sh.601061,中信金属,14.67,712.93
sh.601065,江盐集团,8.18,52.99
sh.601066,中信建投,22.86,1492.39
sh.601068,中铝国际,6.02,156.73
sh.601069,西部黄金,33.26,304.9
sh.601077,渝农商行,6.87,620.48
sh.601086,国芳集团,9.25,60.05
sh.601088,中国神华,44.8,7475.32
sh.601089,福元医药,20.69,100.49
sh.601096,宏盛华源,6.02,95.01
sh.601098,中南传媒,11.6,207.62
sh.601100,恒立液压,111.53,1513.87
sh.601101,昊华能源,10.39,156.11
sh.601107,四川成渝,6.4,134.46
sh.601108,财通证券,8.72,398.03
sh.601111,中国国航,7.14,825.88
sh.601116,三江购物,13.85,76.25
sh.601117,中国化学,8.48,513.68
sh.601118,海南橡胶,7.81,322.31
sh.601121,宝地矿业,7.49,61.34
sh.601126,四方股份,81.51,557.58
sh.601127,赛力斯,87.46,1377.19
sh.601128,常熟银行,7.27,238.4
sh.601133,柏诚股份,25.94,134.26
sh.601136,首创证券,16.8,457.76
sh.601137,博威合金,19.96,176.56
sh.601138,工业富联,70.84,12906.56
sh.601139,深圳燃气,6.61,193.1
sh.601155,新城控股,15.92,354.44
sh.601156,东航物流,16.1,153.65
sh.601163,三角轮胎,14.94,118.6
sh.601166,兴业银行,17.69,3754.35
sh.601168,西部矿业,33.62,776.09
sh.601177,杭齿前进,16.67,67.43
sh.601179,中国西电,19.02,932.14
sh.601186,中国铁建,6.75,777.09
sh.601187,厦门银行,7.38,195.01
sh.601198,东兴证券,13.25,427.62
sh.601199,江南水务,6.34,58.71
sh.601200,上海环境,8.23,109.87
sh.601208,东材科技,49.6,464.86
sh.601211,国泰海通,16.02,2177.03
sh.601212,白银有色,7.77,594.08
sh.601218,吉鑫科技,6.63,63.11
sh.601222,林洋能源,6.37,128.26
sh.601225,陕西煤业,23.45,2323.03
sh.601226,华电科工,9.3,106.66
sh.601229,上海银行,9.39,1318.71
sh.601231,环旭电子,44.45,1001.34
sh.601233,桐昆股份,21.5,523.02
sh.601236,红塔证券,7.49,354.46
sh.601238,广汽集团,6.82,510.06
sh.601288,农业银行,6.66,21749.62
sh.601298,青岛港,9.02,484.24
sh.601311,骆驼股份,9.65,114.39
sh.601318,中国平安,58.04,6359.03
sh.601319,中国人保,7.33,2601.94
sh.601328,交通银行,6.68,1746.19
sh.601330,绿色动力,9.09,88.94
sh.601336,新华保险,64.05,1356.6
sh.601339,百隆东方,8.68,133.16
sh.601360,三六零,11.48,810.2
sh.601369,陕鼓动力,9.21,158.36
sh.601377,兴业证券,6.11,526.56
sh.601398,工商银行,7.23,19979.26
sh.601456,国联民生,9.67,422.15
sh.601512,中新集团,9.64,155.22
sh.601519,大智慧,11.12,221.32
sh.601555,东吴证券,8.53,417.55
sh.601566,九牧王,11.21,62.94
sh.601567,三星电气,19.61,277.81
sh.601577,长沙银行,9.53,387.77
sh.601579,会稽山,18.15,84.99
sh.601595,上海电影,22.96,104.83
sh.601598,中国外运,6.19,313.3
sh.601600,中国铝业,11.87,1558.44
sh.601601,中国太保,35.74,2530.31
sh.601606,长城军工,39.6,283.43
sh.601607,上海医药,17.05,477.29
sh.601608,中信重工,6.15,281.91
sh.601609,金田股份,12.66,196.07
sh.601611,中国核建,13.83,415.32
sh.601615,明阳智能,16.6,373.57
sh.601628,中国人寿,36.48,7769.84
sh.601633,长城汽车,19.54,1224.72
sh.601636,旗滨集团,6.78,193.78
sh.601665,齐鲁银行,6.4,390.12
sh.601666,平煤股份,7.84,200.85
sh.601669,中国电建,6.09,776.95
sh.601677,明泰铝业,17.87,215.65
sh.601688,华泰证券,19.48,1413.66
sh.601689,拓普集团,67.09,1150.71
sh.601696,中银证券,12.68,349.19
sh.601698,中国卫通,38.39,1635.88
sh.601699,潞安环能,15.05,461.94
sh.601702,华峰铝业,18.88,188.63
sh.601717,中创智领,18.93,283.62
sh.601727,上海电气,9.14,1075.38
sh.601728,中国电信,6.21,4719.32
sh.601766,中国中车,6.07,1454.57
sh.601777,千里科技,12.15,513.99
sh.601778,晶科科技,7.14,272.98
sh.601788,光大证券,15.54,603.15
sh.601789,宁波建工,6.26,67.32
sh.601799,星宇股份,136.62,390.71
sh.601800,中国交建,6.89,814.31
sh.601808,中海油服,14.27,426.0
sh.601811,新华文轩,13.61,107.92
sh.601825,沪农商行,8.64,817.66
sh.601827,三峰环境,8.2,136.5
sh.601838,成都银行,18.93,803.88
sh.601857,中国石油,11.12,18128.47
sh.601858,中国科传,29.26,214.1
sh.601865,福莱特,13.72,261.42
sh.601872,招商轮船,18.0,1485.93
sh.601877,正泰电器,34.6,714.71
sh.601878,浙商证券,9.93,451.93
sh.601881,中国银河,12.94,935.8
sh.601882,海天精工,23.09,120.03
sh.601886,江河集团,9.49,106.64
sh.601888,中国中免,61.38,1215.21
sh.601890,亚星锚链,10.78,103.66
sh.601898,中煤能源,16.07,1521.58
sh.601899,紫金矿业,34.66,7128.56
sh.601900,南方传媒,12.59,110.53
sh.601901,方正证券,7.25,595.5
sh.601918,新集能源,8.81,223.66
sh.601919,中远海控,14.09,1766.95
sh.601921,浙版传媒,7.55,167.73
sh.601928,凤凰传媒,9.44,242.09
sh.601939,建设银行,9.61,925.83
sh.601952,苏垦农发,9.36,132.73
sh.601958,金钼股份,23.38,698.61
sh.601963,重庆银行,10.52,211.81
sh.601965,中国汽研,16.99,163.34
sh.601966,玲珑轮胎,13.22,194.12
sh.601969,海南矿业,11.71,235.13
sh.601985,中国核电,9.24,1729.68
sh.601990,南京证券,7.33,270.1
sh.601991,大唐发电,7.37,754.06
sh.601995,中金公司,34.78,1009.32
sh.601997,贵阳银行,6.02,218.29
sh.601998,中信银行,8.24,3368.3
sh.603000,人民网,20.03,220.9
sh.603002,宏昌电子,16.19,172.88
sh.603005,晶方科技,33.66,211.86
sh.603009,北特科技,52.11,172.84
sh.603010,万盛股份,14.9,85.16
sh.603011,合锻智能,22.02,108.06
sh.603012,创力集团,9.72,61.06
sh.603013,亚普股份,21.3,108.01
sh.603015,弘讯科技,12.48,50.29
sh.603016,新宏泰,51.14,78.74
sh.603018,华设集团,7.59,51.81
sh.603019,中科曙光,100.71,1434.54
sh.603025,大豪科技,17.32,189.39
sh.603026,石大胜华,102.14,244.99
sh.603027,千禾味业,8.55,109.93
sh.603031,安孚科技,51.84,152.26
sh.603032,德新科技,23.42,56.83
sh.603033,三维股份,11.3,114.12
sh.603039,泛微网络,47.91,124.02
sh.603040,新坐标,78.52,109.2
sh.603043,广州酒家,14.78,85.24
sh.603045,福达合金,77.11,90.73
sh.603050,科林电气,25.24,99.78
sh.603052,可川科技,104.89,173.89
sh.603053,成都燃气,9.77,86.32
sh.603055,台华新材,9.0,80.69
sh.603057,紫燕食品,27.2,113.05
sh.603060,国检集团,6.88,55.41
sh.603063,禾望电气,61.86,251.15
sh.603067,振华股份,40.83,302.78
sh.603068,博通集成,37.23,55.75
sh.603069,海汽集团,18.22,54.11
sh.603070,万控智造,17.01,58.91
sh.603071,物产环能,14.32,79.54
sh.603078,江化微,27.93,105.44
sh.603081,大丰实业,12.35,51.7
sh.603083,剑桥科技,191.64,522.42
sh.603085,天成自控,13.87,54.37
sh.603087,甘李药业,58.3,332.48
sh.603088,宁波精达,12.58,54.96
sh.603090,宏盛股份,69.0,67.11
sh.603093,南华期货,23.54,133.19
sh.603095,越剑智能,25.44,65.28
sh.603098,森特股份,13.42,74.57
sh.603099,长白山,37.85,99.05
sh.603100,川仪股份,20.11,103.67
sh.603103,横店影视,20.8,133.84
sh.603105,芯能科技,10.43,50.44
sh.603108,润达医疗,13.31,82.33
sh.603111,康尼机电,6.96,58.97
sh.603112,华翔股份,22.65,119.53
sh.603115,海星股份,68.75,154.38
sh.603118,共进股份,16.09,123.31
sh.603119,浙江荣泰,93.72,186.25
sh.603121,华培动力,20.78,71.46
sh.603122,合富中国,15.72,62.98
sh.603123,翠微股份,11.72,77.0
sh.603124,江南新材,132.12,102.96
sh.603125,常青科技,24.3,95.9
sh.603126,中材节能,9.91,54.03
sh.603127,昭衍新药,39.48,248.02
sh.603129,春风动力,263.58,406.77
sh.603130,云中马,48.75,67.15
sh.603131,上海沪工,24.19,82.3
sh.603132,金徽股份,20.16,194.6
sh.603135,中重科技,12.33,79.12
sh.603138,海量数据,20.11,57.61
sh.603150,万朗磁塑,73.9,59.26
sh.603153,上海建科,15.68,65.26
sh.603155,新亚强,18.8,58.75
sh.603156,养元饮品,47.32,535.87
sh.603158,腾龙股份,14.98,75.5
sh.603160,汇顶科技,67.83,309.05
sh.603162,海通发展,18.65,50.16
sh.603163,圣晖集成,104.41,103.88
sh.603165,荣晟环保,19.79,58.72
sh.603166,福达股份,14.49,92.37
sh.603169,兰石重装,9.09,116.14
sh.603170,宝立食品,12.92,52.7
sh.603171,税友股份,60.53,247.74
sh.603173,福斯达,38.6,62.35
sh.603179,新泉股份,71.71,359.01
sh.603181,皇马科技,14.62,86.85
sh.603185,弘元绿能,22.27,149.01
sh.603186,华正新材,104.66,142.39
sh.603187,海容冷链,14.34,55.92
sh.603191,望变电气,21.54,68.58
sh.603194,中力股份,37.02,58.27
sh.603195,公牛集团,43.1,792.76
sh.603196,璞源材料,29.18,68.85
sh.603197,保隆科技,34.8,73.64
sh.603198,迎驾贡酒,35.41,299.89
sh.603200,上海洗霸,60.66,108.84
sh.603203,快克智能,61.53,128.26
sh.603206,嘉环科技,17.74,53.42
sh.603211,晋拓股份,30.73,78.58
sh.603212,赛伍技术,15.18,63.91
sh.603213,镇洋发展,13.73,60.9
sh.603216,梦天家居,31.97,67.4
sh.603217,元利科技,29.55,61.75
sh.603218,日月股份,13.23,131.97
sh.603219,富佳股份,17.82,95.69
sh.603220,中贝通信,31.35,135.1
sh.603222,济民健康,10.3,53.83
sh.603223,恒通股份,9.06,65.24
sh.603225,新凤鸣,17.14,300.19
sh.603226,菲林格尔,45.29,160.69
sh.603227,雪峰科技,8.55,92.71
sh.603228,景旺电子,78.12,734.86
sh.603229,奥翔药业,10.09,84.36
sh.603233,大参林,18.75,212.79
sh.603235,天新药业,25.6,113.25
sh.603236,移远通信,75.77,195.21
sh.603239,浙江仙通,23.6,67.21
sh.603256,宏和科技,146.22,1275.98
sh.603259,药明康德,108.92,2695.88
sh.603260,合盛硅业,43.21,528.26
sh.603267,鸿远电子,58.15,129.9
sh.603268,松发股份,165.08,367.56
sh.603269,海鸥股份,21.2,57.54
sh.603277,银都股份,13.07,81.08
sh.603278,大业股份,15.29,50.16
sh.603279,景津装备,18.8,109.43
sh.603281,江瀚新材,37.4,137.58
sh.603283,赛腾股份,59.28,154.19
sh.603286,日盈电子,69.51,79.04
sh.603288,海天味业,37.74,2121.7
sh.603290,斯达半导,124.44,263.88
sh.603291,联合水务,12.59,51.56
sh.603296,华勤技术,116.18,648.09
sh.603297,永新光学,141.51,148.55
sh.603298,杭叉集团,29.64,379.53
sh.603299,苏盐井神,10.77,82.51
sh.603300,海南华铁,6.9,135.39
sh.603301,振德医疗,92.66,245.55
sh.603303,得邦照明,19.4,92.55
sh.603305,旭升集团,16.59,189.51
sh.603306,华懋科技,108.7,354.37
sh.603308,应流股份,80.5,530.13
sh.603311,金海高科,23.1,51.6
sh.603315,福鞍股份,19.88,60.96
sh.603317,天味食品,16.23,172.24
sh.603318,水发燃气,11.53,55.57
sh.603319,美湖股份,33.44,128.69
sh.603322,超讯通信,37.35,56.93
sh.603327,福蓉科技,10.95,114.9
sh.603328,依顿电子,13.0,127.42
sh.603333,尚纬股份,9.01,53.51
sh.603336,宏辉果蔬,12.63,74.45
sh.603337,杰克科技,40.48,196.32
sh.603338,浙江鼎力,56.06,286.85
sh.603341,龙旗科技,40.14,104.55
sh.603345,安井食品,102.82,303.18
sh.603348,文灿股份,18.72,59.19
sh.603353,和顺石油,52.68,87.76
sh.603355,莱克电气,32.97,193.29
sh.603358,华达科技,35.78,157.79
sh.603360,百傲化学,21.2,145.24
sh.603365,水星家纺,20.5,53.94
sh.603366,日出东方,8.83,70.59
sh.603367,辰欣药业,15.42,70.76
sh.603368,柳药集团,16.8,67.0
sh.603369,今世缘,28.06,353.83
sh.603379,三美股份,61.3,381.44
sh.603380,易德龙,37.46,60.55
sh.603383,顶点软件,33.16,68.15
sh.603392,万泰生物,42.01,542.82
sh.603393,新天然气,29.92,127.18
sh.603396,金辰股份,37.65,51.81
sh.603399,永杉锂业,23.21,120.88
sh.603408,建霖家居,11.57,52.63
sh.603416,信捷电气,60.76,83.94
sh.603421,鼎信通讯,8.82,56.58
sh.603456,九洲药业,13.53,121.51
sh.603459,红板科技,94.71,67.36
sh.603466,风语筑,10.37,60.48
sh.603477,巨星农牧,17.83,95.24
sh.603486,科沃斯,64.59,375.63
sh.603489,八方股份,39.39,91.31
sh.603496,恒为科技,31.94,100.85
sh.603499,翔港科技,22.09,66.2
sh.603501,豪威集团,103.51,1220.55
sh.603505,金石资源,18.69,158.24
sh.603507,振江股份,45.6,82.16
sh.603508,思维列控,26.74,101.4
sh.603511,爱慕股份,14.33,58.65
sh.603515,欧普照明,19.95,150.12
sh.603516,淳中科技,122.81,275.43
sh.603520,司太立,11.74,52.57
sh.603528,多伦科技,8.28,57.44
sh.603529,爱玛科技,22.59,195.54
sh.603530,神马电力,68.78,280.39
sh.603533,掌阅科技,26.37,117.37
sh.603538,美诺华,56.0,139.28
sh.603556,海兴电力,30.11,144.99
sh.603565,中谷物流,10.99,234.25
sh.603567,珍宝岛,7.38,68.12
sh.603568,伟明环保,21.07,363.43
sh.603583,捷昌驱动,28.48,109.79
sh.603587,地素时尚,13.03,62.44
sh.603588,高能环境,14.83,225.35
sh.603589,口子窖,23.29,140.33
sh.603590,康辰药业,36.27,56.84
sh.603596,伯特利,32.86,290.24
sh.603598,引力传媒,24.27,66.46
sh.603599,广信股份,12.52,116.42
sh.603601,再升科技,18.07,199.93
sh.603605,珀莱雅,57.71,238.36
sh.603606,东方电缆,64.0,429.45
sh.603608,天创时尚,14.56,58.05
sh.603609,禾丰股份,6.77,62.67
sh.603610,麒盛科技,17.13,59.3
sh.603611,诺力股份,19.66,51.63
sh.603612,索通发展,24.68,124.4
sh.603613,国联股份,27.69,202.49
sh.603615,茶花股份,22.88,53.46
sh.603618,杭电股份,39.43,259.81
sh.603619,中曼石油,28.99,135.24
sh.603626,科森科技,26.34,149.81
sh.603629,利通电子,172.71,420.1
sh.603636,南威软件,11.72,63.61
sh.603638,艾迪精密,25.47,209.17
sh.603650,彤程新材,58.54,348.03
sh.603658,安图生物,34.41,196.18
sh.603659,璞泰来,33.29,728.3
sh.603660,苏州科达,13.87,77.5
sh.603662,柯力传感,61.2,170.09
sh.603663,三祥新材,44.02,190.29
sh.603666,亿嘉和,30.39,61.78
sh.603667,五洲新春,81.4,282.87
sh.603668,天马科技,12.86,66.78
sh.603678,火炬电子,34.19,159.93
sh.603680,今创集团,15.14,116.17
sh.603683,晶华新材,28.4,82.77
sh.603685,晨丰科技,34.34,68.15
sh.603686,福龙马,19.1,81.41
sh.603687,大胜达,16.65,93.11
sh.603688,石英股份,76.19,367.22
sh.603690,至纯科技,27.52,100.51
sh.603693,江苏新能,16.8,141.46
sh.603698,航天工程,42.46,235.55
sh.603699,纽威股份,63.21,487.54
sh.603701,德宏股份,25.69,67.33
sh.603703,盛洋科技,14.58,60.13
sh.603707,健友股份,9.09,147.14
sh.603708,家家悦,10.32,66.82
sh.603711,香飘飘,14.81,59.99
sh.603712,七一二,16.23,126.74
sh.603713,密尔克卫,56.91,90.63
sh.603728,鸣志电器,63.45,263.92
sh.603730,岱美股份,11.06,239.05
sh.603733,仙鹤股份,21.81,154.78
sh.603737,三棵树,44.4,334.61
sh.603738,泰晶科技,54.0,190.94
sh.603757,大元泵业,61.43,107.5
sh.603758,秦安股份,13.15,57.03
sh.603766,隆鑫通用,15.21,314.91
sh.603767,中马传动,19.6,62.06
sh.603773,沃格光电,88.1,173.66
sh.603776,永安行,23.07,58.2
sh.603777,来伊份,20.46,63.5
sh.603778,国晟科技,24.14,162.03
sh.603786,科博达,55.98,226.94
sh.603799,华友钴业,62.8,1234.04
sh.603800,洪田股份,57.61,115.57
sh.603803,瑞斯康达,17.22,70.38
sh.603806,福斯特,18.99,495.78
sh.603809,豪能股份,11.44,105.57
sh.603816,顾家家居,32.2,254.89
sh.603823,百合花,19.52,76.3
sh.603826,坤彩科技,37.68,228.64
sh.603829,洛凯股份,27.57,53.86
sh.603833,欧派家居,47.52,291.16
sh.603848,好太太,16.61,68.76
sh.603855,华荣股份,19.2,63.24
sh.603858,步长制药,16.66,173.69
sh.603859,能科科技,41.21,101.44
sh.603861,白云电器,17.21,89.71
sh.603867,新化股份,38.02,79.57
sh.603868,飞科电器,38.06,162.71
sh.603871,嘉友国际,12.31,172.38
sh.603876,鼎胜新材,28.61,280.8
sh.603877,太平鸟,13.82,65.81
sh.603881,数据港,43.41,293.75
sh.603882,金域医学,27.01,126.96
sh.603883,老百姓,13.5,104.01
sh.603885,吉祥航空,11.73,254.57
sh.603887,城地香江,15.69,91.13
sh.603888,新华网,20.74,140.24
sh.603889,新澳股份,8.44,62.09
sh.603890,春秋电子,21.98,90.81
sh.603893,瑞芯微,180.56,754.28
sh.603897,长城科技,54.3,116.25
sh.603899,晨光股份,24.31,227.21
sh.603901,永创智能,12.97,68.29
sh.603906,龙蟠科技,29.35,171.17
sh.603912,佳力图,11.91,62.28
sh.603915,国茂股份,18.78,115.02
sh.603916,苏博特,14.41,55.72
sh.603919,金徽酒,18.62,94.04
sh.603920,世运电路,64.86,445.76
sh.603926,铁流股份,23.74,53.65
sh.603927,中科软,17.0,141.03
sh.603929,亚翔集成,197.25,427.41
sh.603931,格林达,45.14,87.13
sh.603933,睿能科技,26.29,54.64
sh.603936,博敏电子,22.24,122.88
sh.603938,三孚股份,42.24,137.1
sh.603939,益丰药房,23.4,277.97
sh.603950,长源东谷,76.83,222.45
sh.603958,哈森股份,23.44,51.01
sh.603960,克来机电,23.95,61.43
sh.603966,法兰泰克,14.15,56.72
sh.603969,银龙股份,9.98,81.31
sh.603977,国泰集团,15.27,91.31
sh.603978,深圳新星,31.68,64.67
sh.603979,金诚信,69.52,418.4
sh.603983,丸美生物,25.58,103.06
sh.603985,恒润股份,27.69,122.97
sh.603988,中电电机,25.22,61.1
sh.603989,艾华集团,20.94,84.21
sh.603991,至正股份,127.06,93.28
sh.603992,松霖科技,32.66,146.7
sh.603993,洛阳钼业,20.99,3545.99
sh.603995,甬金股份,19.84,72.46
sh.603997,继峰股份,13.13,166.87
sh.605005,合兴股份,19.23,76.66
sh.605006,山东玻纤,16.01,91.16
sh.605007,五洲特纸,15.18,62.55
sh.605008,长鸿高科,12.37,79.55
sh.605009,豪悦护理,27.73,61.42
sh.605011,杭州热电,22.74,89.78
sh.605016,百龙创园,28.42,117.75
sh.605018,长华集团,13.37,61.6
sh.605020,永和股份,29.0,140.91
sh.605050,福然德,12.62,62.09
sh.605055,迎丰股份,12.71,56.54
sh.605056,咸亨国际,24.43,102.56
sh.605058,澳弘电子,39.7,54.82
sh.605060,联德股份,65.76,151.94
sh.605077,华康股份,18.87,55.76
sh.605086,龙高股份,31.88,59.62
sh.605088,冠盛股份,37.85,74.77
sh.605090,九丰能源,46.14,317.41
sh.605098,行动教育,63.0,74.07
sh.605099,共创草坪,49.46,203.19
sh.605100,华丰股份,53.2,88.09
sh.605111,新洁能,51.03,189.79
sh.605116,奥锐特,22.2,91.85
sh.605117,德业股份,158.87,1423.51
sh.605118,力鼎光电,46.91,192.08
sh.605123,派克新材,118.55,140.72
sh.605128,上海沿浦,33.9,72.15
sh.605133,嵘泰股份,39.3,107.31
sh.605167,利柏特,19.1,86.44
sh.605168,三人行,60.23,114.29
sh.605178,时空科技,72.96,70.22
sh.605179,一鸣食品,16.37,67.01
sh.605183,确成股份,16.48,70.08
sh.605188,国光连锁,15.44,78.65
sh.605196,华通线缆,41.56,216.13
sh.605198,安德利,56.05,135.21
sh.605222,起帆电缆,41.83,161.28
sh.605228,神通科技,14.74,71.7
sh.605255,天普股份,109.3,146.11
sh.605268,王力安防,11.99,54.29
sh.605277,新亚电子,24.5,76.68
sh.605286,同力天启,44.46,70.53
sh.605287,德才股份,51.31,82.75
sh.605288,凯迪股份,81.99,59.42
sh.605289,罗曼股份,161.87,173.12
sh.605296,神农集团,28.7,154.69
sh.605298,必得科技,56.6,106.1
sh.605299,舒华体育,24.62,104.53
sh.605300,佳禾食品,10.88,50.1
sh.605305,中际联合,45.25,98.0
sh.605318,法狮龙,92.25,120.04
sh.605319,无锡振华,26.32,92.52
sh.605333,沪光股份,23.86,111.89
sh.605338,巴比食品,23.32,55.26
sh.605339,南侨食品,16.5,68.75
sh.605358,立昂微,52.66,330.56
sh.605365,立达信,28.55,145.47
sh.605366,宏柏新材,11.1,97.24
sh.605368,蓝天燃气,7.63,54.69
sh.605376,博迁新材,129.5,348.33
sh.605377,华旺科技,9.8,55.19
sh.605378,野马电池,18.94,51.73
sh.605389,长龄液压,115.67,162.57
sh.605488,福莱新材,35.54,99.6
sh.605499,东鹏饮料,192.83,1026.73
sh.605507,国邦医药,23.66,130.57
sh.605555,德昌股份,15.91,78.54
sh.605577,龙版传媒,11.65,52.31
sh.605580,恒盛能源,22.75,62.36
sh.605589,圣泉集团,42.26,332.59
sh.605598,上海港湾,59.48,140.48
sh.605599,菜百股份,17.67,143.12
sz.000001,平安银行,11.14,2186.8
sz.000006,深振业A,10.38,132.96
sz.000007,全新好,13.52,55.35
sz.000009,中国宝安,8.31,219.67
sz.000021,深科技,34.61,505.15
sz.000025,特力A,15.83,63.15
sz.000026,飞亚达,20.19,71.78
sz.000027,深圳能源,7.54,343.85
sz.000028,国药一致,24.54,117.49
sz.000029,深深房A,26.7,212.54
sz.000032,深桑达A,19.25,212.29
sz.000034,神州数码,42.84,251.46
sz.000035,中国天楹,6.7,152.24
sz.000036,华联控股,6.09,84.2
sz.000039,中集集团,13.02,299.4
sz.000042,中洲控股,10.17,66.5
sz.000045,深纺织A,12.36,56.0
sz.000048,京基智农,14.58,79.12
sz.000049,德赛电池,28.22,109.75
sz.000050,深天马A,7.83,190.3
sz.000058,深赛格,8.28,81.54
sz.000060,中金岭南,7.76,355.67
sz.000061,农产品,7.3,131.7
sz.000062,深圳华强,36.8,384.61
sz.000063,中兴通讯,38.83,1553.62
sz.000065,北方国际,13.1,129.83
sz.000066,中国长城,25.19,776.81
sz.000070,特发信息,21.21,180.46
sz.000089,深圳机场,6.87,142.44
sz.000099,中信海直,17.57,138.74
sz.000155,川能动力,16.32,308.38
sz.000156,华数传媒,7.55,128.26
sz.000157,中联重科,7.88,564.59
sz.000158,常山北明,17.73,281.03
sz.000301,东方盛虹,12.83,853.31
sz.000333,美的集团,80.38,5520.42
sz.000338,潍柴动力,34.34,1680.46
sz.000400,许继电气,27.7,272.26
sz.000403,派林生物,11.71,110.42
sz.000404,长虹华意,8.35,58.3
sz.000408,藏格矿业,91.11,1391.33
sz.000409,云鼎科技,10.11,60.15
sz.000410,沈阳机床,6.15,122.37
sz.000411,英特集团,11.55,62.66
sz.000417,合百集团,7.22,55.46
sz.000422,湖北宜化,15.96,170.95
sz.000423,东阿阿胶,52.8,343.8
sz.000425,徐工机械,10.52,939.58
sz.000426,兴业银锡,49.98,882.65
sz.000429,粤高速A,13.26,167.17
sz.000501,武商集团,8.05,63.32
sz.000503,国新健康,7.77,77.16
sz.000506,招金黄金,15.92,154.49
sz.000510,新金路,16.61,100.79
sz.000513,丽珠集团,31.81,182.47
sz.000519,中兵红箭,18.39,251.2
sz.000524,岭南控股,9.83,66.85
sz.000528,柳工,9.8,200.86
sz.000531,穗恒运A,7.53,66.57
sz.000533,顺钠股份,14.77,93.66
sz.000534,万泽股份,40.66,196.62
sz.000537,绿发电力,11.41,225.94
sz.000538,云南白药,51.65,929.13
sz.000539,粤电力A,7.65,188.13
sz.000543,皖能电力,8.58,189.98
sz.000544,中原环保,8.51,82.43
sz.000546,金圆股份,7.58,53.46
sz.000547,航天发展,27.96,431.04
sz.000550,江铃汽车,18.93,98.55
sz.000551,创元科技,17.5,82.48
sz.000553,安道麦A,7.08,156.61
sz.000555,神州信息,14.46,141.71
sz.000559,万向钱潮,17.45,581.45
sz.000561,烽火电子,9.87,75.93
sz.000567,海德股份,6.73,131.42
sz.000568,泸州老窖,92.7,1419.61
sz.000581,威孚高科,20.26,158.63
sz.000582,北部湾港,12.52,277.36
sz.000591,太阳能,6.15,217.52
sz.000592,平潭发展,12.34,223.7
sz.000593,德龙汇能,23.66,88.37
sz.000596,古井贡酒,99.29,428.28
sz.000598,兴蓉环境,6.74,200.72
sz.000600,建投能源,10.06,108.81
sz.000601,韶能股份,8.9,80.97
sz.000603,盛达资源,38.79,263.72
sz.000612,焦作万方,13.02,157.33
sz.000617,中油资本,9.21,1174.7
sz.000623,吉林敖东,18.69,224.4
sz.000625,长安汽车,9.09,764.05
sz.000628,高新发展,60.96,121.84
sz.000630,铜陵有色,6.98,755.94
sz.000636,风华高科,29.57,317.48
sz.000651,格力电器,40.3,2221.63
sz.000657,中钨高新,62.46,886.73
sz.000661,长春高新,87.15,350.44
sz.000670,盈方微,8.26,66.7
sz.000672,上峰水泥,17.22,151.27
sz.000676,智度股份,7.43,94.07
sz.000678,襄阳轴承,13.2,59.24
sz.000680,山推股份,12.13,162.23
sz.000681,视觉中国,22.46,152.65
sz.000682,东方电子,13.85,181.4
sz.000683,博源化工,8.51,288.3
sz.000685,中山公用,11.45,145.23
sz.000686,东北证券,8.71,203.14
sz.000688,国城矿业,41.27,528.11
sz.000697,炼石航空,11.99,79.08
sz.000700,模塑科技,13.82,127.52
sz.000703,恒逸石化,15.31,599.37
sz.000708,中信特钢,15.16,778.9
sz.000712,锦龙股份,11.36,98.43
sz.000719,中原传媒,14.27,93.29
sz.000720,新能泰山,6.26,71.37
sz.000722,湖南发展,15.44,69.3
sz.000728,国元证券,7.34,321.55
sz.000729,燕京啤酒,12.61,323.68
sz.000733,振华科技,46.87,251.21
sz.000735,罗牛山,6.48,74.63
sz.000737,北方铜业,15.94,291.28
sz.000738,航发控制,22.99,295.84
sz.000739,普洛药业,18.03,208.77
sz.000751,锌业股份,6.35,90.1
sz.000753,漳州发展,6.82,67.39
sz.000756,新华制药,14.66,73.01
sz.000758,中色股份,7.54,148.88
sz.000762,西藏矿业,35.34,194.92
sz.000766,通化金马,24.1,233.81
sz.000768,中航西飞,25.26,681.24
sz.000776,广发证券,20.85,1235.52
sz.000777,中核科技,20.39,78.26
sz.000783,长江证券,8.78,474.21
sz.000786,北新建材,26.33,447.08
sz.000791,甘肃能源,10.18,185.99
sz.000792,盐湖股份,36.69,2004.19
sz.000795,英洛华,9.55,107.85
sz.000799,酒鬼酒,42.95,141.07
sz.000800,一汽解放,6.48,323.36
sz.000801,四川九洲,14.15,141.12
sz.000807,云铝股份,31.83,1097.31
sz.000810,创维数字,12.68,142.64
sz.000811,冰轮环境,31.8,272.26
sz.000815,美利云,22.47,153.36
sz.000818,航锦科技,17.73,119.25
sz.000819,岳阳兴长,16.04,60.13
sz.000823,超声电子,17.49,92.35
sz.000828,东莞控股,10.46,108.91
sz.000829,天音控股,11.03,115.95
sz.000830,鲁西化工,15.3,298.78
sz.000831,中国稀土,56.87,595.19
sz.000833,粤桂股份,28.57,124.23
sz.000837,秦川机床,12.13,119.75
sz.000848,承德露露,8.98,91.31
sz.000852,石化机械,7.23,68.81
sz.000858,五粮液,89.15,3548.72
sz.000859,国风新材,9.43,83.19
sz.000860,顺鑫农业,12.26,92.24
sz.000869,张裕A,18.97,87.45
sz.000875,电投绿能,7.12,229.07
sz.000876,新希望,8.47,390.14
sz.000878,云南铜业,20.68,408.72
sz.000880,潍柴重机,32.03,68.69
sz.000881,中广核技,8.19,72.5
sz.000885,城发环境,14.23,90.83
sz.000887,中鼎股份,18.1,239.22
sz.000888,峨眉山A,11.29,59.89
sz.000890,法尔胜,14.11,59.58
sz.000893,亚钾国际,52.31,431.65
sz.000895,双汇发展,26.58,934.12
sz.000899,赣能股份,14.0,134.02
sz.000901,航天科技,23.9,192.47
sz.000902,新洋丰,15.33,177.07
sz.000905,厦门港务,11.76,84.94
sz.000913,钱江摩托,12.87,68.82
sz.000915,华特达因,28.84,67.62
sz.000917,电广传媒,8.72,124.89
sz.000920,沃顿科技,11.65,55.4
sz.000921,海信家电,24.03,224.18
sz.000922,佳电股份,16.64,95.09
sz.000923,河钢资源,18.05,113.57
sz.000925,众合科技,11.84,69.73
sz.000928,中钢国际,6.61,96.14
sz.000933,神火股份,31.9,709.26
sz.000935,四川双马,33.83,226.67
sz.000936,华西股份,8.28,68.39
sz.000938,紫光股份,32.91,917.58
sz.000948,南天信息,15.28,59.29
sz.000949,新乡化纤,8.21,129.96
sz.000950,重药控股,6.72,107.6
sz.000951,中国重汽,23.15,267.36
sz.000957,中通客车,11.89,70.79
sz.000958,电投产融,6.3,332.41
sz.000960,锡业股份,40.36,667.65
sz.000962,东方钽业,50.48,243.34
sz.000963,华东医药,33.27,584.56
sz.000967,盈峰环境,15.07,491.74
sz.000968,蓝焰控股,8.31,81.81
sz.000969,安泰科技,22.74,232.05
sz.000970,中科三环,12.62,151.29
sz.000973,佛塑科技,19.59,194.19
sz.000975,山金国际,27.84,714.03
sz.000977,浪潮信息,77.38,1099.33
sz.000983,山西焦煤,6.75,392.64
sz.000987,越秀资本,8.9,447.73
sz.000988,华工科技,142.1,1393.84
sz.000989,九芝堂,9.4,66.2
sz.000990,诚志股份,11.47,139.24
sz.000993,闽东电力,14.61,58.13
sz.000997,新大陆,22.0,218.09
sz.000998,隆平高科,9.17,120.46
sz.000999,华润三九,25.46,426.23
sz.001203,大中矿业,44.3,613.02
sz.001207,联科科技,20.45,56.21
sz.001208,华菱线缆,20.64,64.61
sz.001212,中旗新材,56.12,99.62
sz.001236,弘业期货,9.77,73.08
sz.001258,立新能源,10.22,89.23
sz.001267,汇绿生态,63.44,369.54
sz.001280,中国铀业,85.69,135.35
sz.001283,豪鹏科技,73.92,59.48
sz.001286,陕西能源,11.94,158.85
sz.001287,中电港,30.14,223.37
sz.001289,龙源电力,17.86,887.65
sz.001298,好上好,23.48,64.33
sz.001301,尚太科技,77.95,149.99
sz.001308,康冠科技,20.81,101.22
sz.001313,粤海饲料,9.5,62.93
sz.001314,亿道信息,55.85,70.43
sz.001316,润贝航科,61.42,66.35
sz.001322,箭牌家居,7.27,57.16
sz.001323,慕思股份,23.95,75.81
sz.001328,登康口腔,31.56,51.81
sz.001330,博纳影业,9.26,105.13
sz.001331,胜通能源,53.76,101.9
sz.001337,四川黄金,57.43,245.26
sz.001338,永顺泰,12.56,65.48
sz.001339,智微智能,104.74,125.74
sz.001389,广合科技,194.78,280.03
sz.001400,江顺科技,197.99,67.14
sz.001696,宗申动力,17.22,155.79
sz.001872,招商港口,23.09,518.69
sz.001896,豫能控股,17.76,259.68
sz.001914,招商积余,10.4,111.45
sz.001965,招商公路,9.83,654.16
sz.001979,招商蛇口,9.54,803.07
sz.002001,新和成,32.92,991.6
sz.002003,伟星股份,9.79,100.33
sz.002006,精工科技,18.5,94.61
sz.002007,华兰生物,14.47,229.59
sz.002008,大族激光,148.13,1213.88
sz.002009,天奇股份,26.48,92.46
sz.002011,盾安环境,12.33,130.45
sz.002014,永新股份,11.49,69.11
sz.002015,协鑫能科,23.39,342.16
sz.002017,东信和平,19.73,115.31
sz.002019,亿帆医药,11.12,93.82
sz.002020,京新药业,14.6,107.95
sz.002023,海特高新,13.29,98.18
sz.002025,航天电器,73.79,342.83
sz.002026,山东威达,13.22,58.51
sz.002027,分众传媒,6.03,891.89
sz.002028,思源电气,207.2,1223.69
sz.002029,七匹狼,11.12,76.15
sz.002030,达安基因,6.88,94.48
sz.002031,巨轮智能,7.29,133.76
sz.002032,苏泊尔,47.9,382.22
sz.002033,丽江股份,9.21,50.51
sz.002034,旺能环境,21.47,94.89
sz.002036,联创电子,9.0,89.74
sz.002038,双鹭药业,6.53,56.16
sz.002039,黔源电力,21.17,89.09
sz.002040,南京港,10.64,50.93
sz.002041,登海种业,10.05,89.0
sz.002043,兔宝宝,15.4,126.09
sz.002044,美年健康,6.1,239.25
sz.002045,国光电器,11.52,64.74
sz.002046,国机精工,59.49,305.48
sz.002048,宁波华翔,29.33,208.23
sz.002049,紫光国微,82.0,673.96
sz.002050,三花智控,51.5,1876.63
sz.002051,中工国际,11.04,142.15
sz.002052,同洲电子,11.7,80.44
sz.002053,云南能投,12.64,113.47
sz.002056,横店东磁,20.04,321.52
sz.002057,中钢天源,10.02,73.71
sz.002062,宏润建设,9.8,111.23
sz.002063,远光软件,6.68,115.89
sz.002064,华峰化学,11.3,552.8
sz.002065,东华软件,8.64,251.38
sz.002066,瑞泰科技,24.62,56.09
sz.002068,黑猫股份,9.4,69.08
sz.002073,软控股份,6.52,67.77
sz.002074,国轩高科,37.39,649.66
sz.002077,大港股份,17.58,100.2
sz.002078,太阳纸业,14.13,402.06
sz.002079,苏州固锝,12.86,101.72
sz.002080,中材科技,66.91,1061.39
sz.002081,金螳螂,7.88,195.1
sz.002083,孚日股份,10.95,104.56
sz.002085,万丰奥威,14.02,300.82
sz.002088,鲁阳节能,9.74,50.21
sz.002091,江苏国泰,9.28,149.34
sz.002093,国脉科技,8.55,86.61
sz.002096,易普力,11.0,137.89
sz.002097,山河智能,10.15,108.94
sz.002100,天康生物,7.31,105.86
sz.002101,广东鸿图,9.9,66.08
sz.002104,恒宝股份,14.33,88.01
sz.002106,莱宝高科,11.28,77.66
sz.002111,威海广泰,11.63,56.04
sz.002112,三变科技,23.09,56.57
sz.002115,三维通信,15.08,113.37
sz.002117,东港股份,10.48,54.6
sz.002119,康强电子,23.49,84.84
sz.002120,韵达股份,7.7,222.25
sz.002121,科陆电子,7.05,99.96
sz.002123,梦网科技,9.72,70.48
sz.002125,湘潭电化,14.97,96.26
sz.002126,银轮股份,52.42,394.3
sz.002128,电投能源,31.63,706.82
sz.002129,TCL中环,10.19,375.9
sz.002130,沃尔核材,23.8,270.67
sz.002131,利欧股份,6.84,405.19
sz.002134,天津普林,30.33,72.32
sz.002135,东南网架,9.35,96.61
sz.002138,顺络电子,38.18,280.79
sz.002139,拓邦股份,11.01,118.85
sz.002140,东华科技,11.32,83.29
sz.002142,宁波银行,32.05,2127.33
sz.002149,西部材料,74.96,360.54
sz.002150,正泰电源,29.69,104.62
sz.002151,北斗星通,43.32,192.6
sz.002152,广电运通,11.98,297.94
sz.002153,石基信息,10.14,164.86
sz.002155,湖南黄金,28.95,466.81
sz.002156,通富微电,60.86,897.44
sz.002158,汉钟精机,33.55,172.12
sz.002161,远望谷,6.95,52.22
sz.002163,海南发展,12.83,100.9
sz.002164,宁波东力,13.43,64.74
sz.002165,红宝丽,8.54,63.89
sz.002166,莱茵生物,8.99,67.01
sz.002167,东方锆业,13.49,102.67
sz.002169,智光电气,14.14,102.38
sz.002170,芭田股份,13.4,106.6
sz.002171,楚江新材,11.96,191.77
sz.002173,创新医疗,24.6,102.03
sz.002174,游族网络,11.05,106.05
sz.002176,江特电机,14.38,257.97
sz.002177,御银股份,7.89,52.21
sz.002179,中航光电,41.9,824.78
sz.002180,奔图科技,18.17,251.6
sz.002181,粤传媒,17.9,210.35
sz.002182,宝武镁业,16.44,142.54
sz.002183,怡亚通,7.62,179.79
sz.002185,华天科技,14.63,462.01
sz.002189,中光学,23.66,61.51
sz.002190,成飞集成,33.85,112.72
sz.002192,融捷股份,97.5,261.95
sz.002194,武汉凡谷,12.85,64.54
sz.002195,岩山科技,9.03,506.69
sz.002196,方正电机,14.6,71.73
sz.002201,九鼎新材,14.33,85.86
sz.002202,金风科技,27.8,942.18
sz.002203,海亮股份,23.03,483.25
sz.002204,大连重工,6.6,128.55
sz.002206,海利得,6.04,64.2
sz.002208,合肥城建,18.0,123.45
sz.002212,天融信,7.53,88.55
sz.002213,大为股份,43.57,88.23
sz.002215,诺普信,10.37,85.12
sz.002216,三全食品,14.07,89.19
sz.002221,东华能源,7.84,113.49
sz.002222,福晶科技,116.32,494.41
sz.002223,鱼跃医疗,29.57,281.48
sz.002229,鸿博股份,18.62,89.85
sz.002230,科大讯飞,49.4,1086.46
sz.002232,启明信息,18.3,74.08
sz.002233,塔牌集团,8.85,103.81
sz.002235,安妮股份,11.83,67.01
sz.002236,大华股份,18.33,434.51
sz.002237,恒邦股份,16.69,202.57
sz.002238,天威视讯,7.46,58.96
sz.002240,盛新锂能,55.0,525.92
sz.002241,歌尔股份,26.14,800.76
sz.002242,九阳股份,10.92,84.43
sz.002243,力合科创,8.98,104.56
sz.002244,滨江集团,11.23,300.98
sz.002245,蔚蓝锂芯,24.49,247.46
sz.002246,北化股份,23.5,131.06
sz.002249,大洋电机,9.63,179.89
sz.002250,联化科技,16.13,148.44
sz.002254,泰和新材,13.54,104.12
sz.002255,海陆重工,11.33,72.24
sz.002258,利尔化学,12.47,99.35
sz.002261,拓维信息,35.23,408.09
sz.002262,恩华药业,21.42,192.27
sz.002264,新华都,8.49,56.12
sz.002265,建设工业,23.76,246.29
sz.002267,陕天然气,7.8,87.99
sz.002268,电科网安,16.14,137.12
sz.002270,华明装备,26.06,225.21
sz.002271,东方雨虹,15.58,313.95
sz.002272,川润股份,20.35,80.26
sz.002273,水晶光电,39.38,502.98
sz.002274,华昌化工,6.23,59.14
sz.002275,桂林三金,14.36,80.77
sz.002276,万马股份,13.82,138.4
sz.002277,友阿股份,6.13,86.35
sz.002279,久其软件,7.91,62.95
sz.002281,光迅科技,197.97,1427.13
sz.002283,天润工业,12.52,117.68
sz.002284,亚太股份,13.6,96.76
sz.002287,奇正藏药,22.51,130.41
sz.002290,禾盛新材,99.01,228.67
sz.002291,遥望科技,6.72,58.93
sz.002292,奥飞娱乐,8.12,82.93
sz.002293,罗莱生活,11.4,90.83
sz.002294,信立泰,37.65,489.75
sz.002297,博云新材,26.15,143.55
sz.002298,中电鑫龙,11.53,73.87
sz.002299,圣农发展,17.99,223.4
sz.002300,太阳电缆,11.32,73.83
sz.002301,齐心集团,7.73,52.74
sz.002304,洋河股份,47.02,723.4
sz.002311,海大集团,45.62,760.84
sz.002312,川发龙蟒,10.75,204.19
sz.002315,焦点科技,31.75,84.53
sz.002317,众生药业,21.83,164.45
sz.002318,久立特材,29.73,284.4
sz.002320,海峡股份,8.57,189.28
sz.002324,普利特,15.3,120.44
sz.002326,永太科技,23.17,191.5
sz.002328,新朋股份,10.88,62.48
sz.002332,仙琚制药,8.8,86.82
sz.002334,英威腾,9.17,63.86
sz.002335,科华数据,71.24,310.67
sz.002338,奥普光电,64.28,151.05
sz.002340,格林美,8.91,458.07
sz.002342,巨力索具,20.46,204.11
sz.002345,潮宏基,10.13,89.52
sz.002346,柘中股份,21.37,75.62
sz.002348,高乐股份,12.69,114.24
sz.002349,精华制药,7.35,60.75
sz.002350,北京科锐,17.66,88.38
sz.002351,漫步者,11.28,58.5
sz.002352,顺丰控股,36.66,1775.98
sz.002353,杰瑞股份,148.95,1005.32
sz.002354,天娱数科,6.54,104.79
sz.002358,森源电气,7.92,71.6
sz.002361,神剑股份,20.67,173.09
sz.002364,中恒电气,48.4,253.05
sz.002366,融发核电,7.87,141.61
sz.002368,太极股份,17.3,107.58
sz.002372,伟星新材,10.41,156.4
sz.002373,千方科技,8.97,125.62
sz.002376,新北洋,7.34,58.0
sz.002378,章源钨业,33.83,400.54
sz.002379,宏桥控股,22.82,263.8
sz.002380,科远智慧,36.13,50.72
sz.002382,蓝帆医疗,6.9,70.21
sz.002383,合众思壮,9.59,71.07
sz.002384,东山精密,220.75,2954.67
sz.002386,天原股份,6.47,85.91
sz.002387,维信诺,8.3,114.47
sz.002389,航天彩虹,22.51,221.82
sz.002392,北京利尔,10.86,116.94
sz.002395,双象股份,19.38,53.76
sz.002396,星网锐捷,31.88,175.85
sz.002399,海普瑞,10.61,134.42
sz.002400,省广集团,9.3,163.84
sz.002401,中远海科,15.1,56.0
sz.002402,和而泰,33.02,268.89
sz.002405,四维图新,9.67,222.44
sz.002407,多氟多,34.24,383.36
sz.002409,雅克科技,103.25,297.79
sz.002410,广联达,10.94,174.7
sz.002413,雷科防务,13.36,175.35
sz.002414,高德红外,14.89,506.57
sz.002415,海康威视,34.49,3191.35
sz.002416,爱施德,13.5,168.04
sz.002418,康盛股份,6.47,71.93
sz.002422,科伦药业,32.36,432.35
sz.002423,中粮资本,10.11,234.4
sz.002428,云南锗业,101.51,588.84
sz.002429,兆驰股份,13.49,578.84
sz.002430,杭氧股份,30.2,294.53
sz.002432,九安医疗,77.92,350.39
sz.002434,万里扬,7.82,100.91
sz.002436,兴森科技,34.19,496.59
sz.002438,江苏神通,17.31,81.17
sz.002439,启明星辰,16.61,119.3
sz.002440,闰土股份,10.42,99.77
sz.002443,金洲管道,11.91,60.84
sz.002444,巨星科技,35.85,408.06
sz.002446,盛路通信,11.08,92.39
sz.002448,中原内配,16.03,92.59
sz.002449,国星光电,8.19,50.63
sz.002452,长高电新,11.56,58.3
sz.002454,松芝股份,10.37,60.31
sz.002455,百川股份,10.11,67.9
sz.002456,欧菲光,9.13,297.2
sz.002458,益生股份,11.61,85.92
sz.002459,晶澳科技,11.18,363.16
sz.002460,赣锋锂业,82.99,1034.2
sz.002461,珠江啤酒,9.82,224.83
sz.002463,沪电股份,112.58,2084.26
sz.002465,海格通信,16.5,416.35
sz.002466,天齐锂业,74.38,1130.4
sz.002467,二六三,7.03,95.57
sz.002468,申通快递,15.7,236.98
sz.002471,中超控股,8.74,116.78
sz.002472,双环传动,42.23,313.0
sz.002475,立讯精密,80.15,5408.49
sz.002478,常宝股份,8.69,63.25
sz.002480,新筑股份,6.46,50.63
sz.002483,润邦股份,6.4,57.03
sz.002484,江海股份,47.29,364.28
sz.002487,大金重工,83.01,529.09
sz.002488,金固股份,12.34,117.26
sz.002490,山东墨龙,9.61,53.97
sz.002491,通鼎互联,26.95,265.28
sz.002493,荣盛石化,13.37,1227.73
sz.002497,雅化集团,28.15,314.79
sz.002498,汉缆股份,11.01,318.88
sz.002507,涪陵榨菜,12.23,142.55
sz.002508,老板电器,18.5,173.53
sz.002510,天汽模,6.77,68.55
sz.002511,中顺洁柔,8.11,104.12
sz.002515,金字火腿,7.15,81.6
sz.002516,旷达科技,6.3,91.06
sz.002517,恺英网络,18.31,347.93
sz.002518,科士达,53.85,278.84
sz.002519,银河电子,8.46,95.81
sz.002522,浙江众成,7.43,64.58
sz.002527,新时达,13.49,71.96
sz.002530,金财互联,8.95,63.23
sz.002531,天顺风能,11.48,207.0
sz.002532,天山铝业,16.98,687.22
sz.002533,金杯电工,14.32,88.58
sz.002534,西子洁能,18.14,148.31
sz.002536,飞龙股份,46.7,235.17
sz.002537,海联金汇,7.39,86.73
sz.002539,云图控股,14.26,131.99
sz.002541,鸿路钢构,18.28,98.86
sz.002543,万和电气,8.18,54.85
sz.002544,普天科技,27.56,185.61
sz.002545,东方铁塔,25.9,282.28
sz.002546,新联电子,8.86,68.37
sz.002549,凯美特气,18.84,133.35
sz.002550,千红制药,7.05,66.75
sz.002552,宝鼎科技,34.81,108.77
sz.002553,南方精工,22.17,56.67
sz.002555,三七互娱,21.82,348.14
sz.002557,洽洽食品,21.75,114.31
sz.002558,巨人网络,32.38,618.91
sz.002559,亚威股份,11.92,56.03
sz.002560,通达股份,12.9,72.57
sz.002564,天沃科技,6.26,53.85
sz.002565,顺灏股份,20.27,215.96
sz.002568,百润股份,18.49,140.11
sz.002572,索菲亚,12.14,78.42
sz.002579,中京电子,13.85,77.97
sz.002580,圣阳股份,34.8,148.33
sz.002583,海能达,10.07,129.09
sz.002585,双星新材,8.65,74.17
sz.002588,史丹利,10.41,90.86
sz.002590,万安科技,12.89,61.94
sz.002594,比亚迪,98.6,3471.52
sz.002595,豪迈科技,59.79,682.42
sz.002597,金禾实业,23.46,132.46
sz.002600,领益智造,15.37,1074.25
sz.002601,龙佰集团,17.97,339.4
sz.002602,世纪华通,15.07,1054.97
sz.002603,以岭药业,17.19,238.69
sz.002605,姚记科技,20.44,69.78
sz.002606,大连电瓷,17.22,67.45
sz.002608,江苏国信,8.55,303.82
sz.002611,东方精工,18.49,187.61
sz.002617,露笑科技,8.82,154.84
sz.002624,完美世界,16.96,308.26
sz.002625,光启技术,42.19,902.25
sz.002626,金达威,16.2,97.26
sz.002627,三峡旅游,7.03,50.98
sz.002631,德尔未来,8.27,68.13
sz.002632,道明光学,11.65,66.68
sz.002635,安洁科技,16.98,66.41
sz.002636,金安国纪,46.61,344.68
sz.002637,赞宇科技,13.05,57.31
sz.002639,雪人集团,17.88,118.9
sz.002642,荣联科技,8.91,58.26
sz.002643,万润股份,17.43,155.31
sz.002645,华宏科技,29.09,157.15
sz.002647,仁东控股,12.72,135.22
sz.002648,卫星化学,27.81,917.85
sz.002649,博彦科技,10.8,57.95
sz.002651,利君股份,9.71,55.14
sz.002653,海思科,55.57,298.36
sz.002654,万润科技,16.98,130.29
sz.002655,共达电声,36.68,132.81
sz.002657,中科金财,21.53,72.67
sz.002664,信质集团,23.3,92.85
sz.002668,TCL智家,9.77,108.18
sz.002670,国盛证券,12.9,208.85
sz.002673,西部证券,7.26,323.63
sz.002675,东诚药业,12.89,96.52
sz.002676,顺威股份,6.72,54.48
sz.002678,珠江钢琴,6.08,83.84
sz.002683,广东宏大,40.64,264.81
sz.002685,华东重机,9.14,93.74
sz.002690,美亚光电,18.15,78.56
sz.002695,煌上煌,13.18,66.9
sz.002698,博实股份,14.55,124.12
sz.002703,浙江世宝,20.05,109.0
sz.002705,新宝股份,14.07,116.18
sz.002706,良信股份,12.68,110.79
sz.002707,众信旅游,6.09,53.47
sz.002708,光洋股份,15.85,76.69
sz.002709,天赐材料,57.92,896.45
sz.002714,牧原股份,42.38,1655.4
sz.002716,湖南白银,12.22,291.26
sz.002718,友邦吊顶,78.74,70.66
sz.002727,一心堂,12.77,50.29
sz.002730,电光科技,34.8,116.6
sz.002733,雄韬股份,27.95,107.21
sz.002734,利民股份,17.61,77.49
sz.002736,国信证券,10.75,1036.11
sz.002737,葵花药业,13.61,79.73
sz.002738,中矿资源,81.67,617.79
sz.002739,儒意电影,9.42,200.74
sz.002741,光华科技,23.66,96.37
sz.002745,木林森,10.0,103.38
sz.002747,埃斯顿,24.2,187.88
sz.002749,国光股份,12.44,57.1
sz.002752,昇兴股份,7.45,72.86
sz.002755,奥赛康,16.98,160.07
sz.002756,永兴材料,75.9,307.81
sz.002757,南兴股份,32.24,84.1
sz.002759,天际股份,37.28,191.07
sz.002761,浙江建投,8.71,95.13
sz.002765,蓝黛科技,9.68,58.83
sz.002768,国恩股份,61.76,104.82
sz.002772,众兴菌业,16.1,60.97
sz.002773,康弘药业,23.11,163.97
sz.002777,久远银海,17.56,66.61
sz.002779,中坚科技,76.15,126.0
sz.002782,可立克,24.33,106.03
sz.002785,万里石,55.31,105.43
sz.002787,华源控股,27.37,60.55
sz.002788,鹭燕医药,14.52,54.89
sz.002792,通宇通讯,52.55,174.52
sz.002796,世嘉科技,53.93,131.66
sz.002797,第一创业,7.88,330.59
sz.002803,吉宏股份,23.49,63.54
sz.002805,丰元股份,27.3,70.59
sz.002810,山东赫达,25.61,90.7
sz.002812,恩捷股份,81.43,676.4
sz.002815,崇达技术,16.86,123.59
sz.002819,东方中科,28.13,66.25
sz.002821,凯莱英,126.68,404.42
sz.002824,和胜股份,27.54,61.85
sz.002827,高争民爆,32.73,90.07
sz.002831,裕同科技,43.45,210.49
sz.002832,比音勒芬,20.58,78.54
sz.002833,弘亚数控,21.77,61.68
sz.002837,英维克,106.38,881.33
sz.002838,道恩股份,37.81,149.79
sz.002840,华统股份,10.16,95.82
sz.002841,视源股份,39.71,200.23
sz.002842,翔鹭钨业,39.91,101.79
sz.002843,泰嘉股份,29.93,69.72
sz.002847,盐津铺子,55.8,138.22
sz.002850,科达利,196.51,396.35
sz.002851,麦格米特,137.86,574.82
sz.002859,洁美科技,51.55,206.52
sz.002865,钧达股份,101.5,220.5
sz.002867,周大生,12.95,142.02
sz.002870,香山股份,42.36,53.76
sz.002880,卫光生物,26.06,58.74
sz.002881,美格智能,41.56,74.8
sz.002882,金龙羽,26.73,66.38
sz.002884,凌霄泵业,18.68,51.43
sz.002885,京泉华,42.54,90.63
sz.002886,沃特股份,25.35,51.13
sz.002891,中宠股份,31.83,105.44
sz.002892,科力尔,10.56,53.67
sz.002895,川恒股份,35.11,211.98
sz.002896,中大力德,78.63,150.44
sz.002897,意华股份,74.95,123.27
sz.002901,大博医疗,41.0,120.81
sz.002902,铭普光磁,39.95,64.49
sz.002906,华阳集团,31.54,164.5
sz.002911,佛燃能源,11.92,150.92
sz.002913,奥士康,57.57,172.42
sz.002915,中欣氟材,21.1,60.09
sz.002919,名臣健康,25.42,65.0
sz.002920,德赛西威,106.1,624.26
sz.002922,伊戈尔,45.53,159.65
sz.002925,盈趣科技,21.28,152.57
sz.002926,华西证券,8.74,229.0
sz.002928,华夏航空,8.22,104.95
sz.002929,润建股份,87.78,165.53
sz.002930,宏川智慧,16.65,67.43
sz.002931,锋龙股份,60.37,123.17
sz.002935,天奥电子,21.71,92.52
sz.002937,兴瑞科技,33.96,102.32
sz.002938,鹏鼎控股,87.23,1809.01
sz.002939,长城证券,9.83,336.43
sz.002940,昂利康,36.43,62.12
sz.002941,新疆交建,13.71,101.8
sz.002943,宇晶股份,82.54,112.72
sz.002945,华林证券,15.93,431.48
sz.002946,新乳业,18.22,158.02
sz.002947,恒铭达,84.02,162.36
sz.002950,奥美医疗,12.07,56.94
sz.002951,金时科技,17.09,67.12
sz.002956,西麦食品,30.61,70.08
sz.002957,科瑞技术,44.18,186.17
sz.002959,小熊电器,40.27,60.98
sz.002960,青鸟智控,10.16,99.78
sz.002961,瑞达期货,26.17,122.82
sz.002965,祥鑫科技,35.55,65.14
sz.002966,苏州银行,8.55,371.69
sz.002967,广电计量,22.24,121.3
sz.002969,嘉美包装,22.0,248.9
sz.002970,锐明技术,79.15,94.73
sz.002971,和远气体,34.05,50.96
sz.002975,博杰股份,111.56,141.18
sz.002978,安宁股份,32.0,116.78
sz.002979,雷赛智能,52.96,111.94
sz.002980,华盛昌,86.06,84.32
sz.002984,森麒麟,16.17,117.01
sz.002985,北摩高科,35.34,118.46
sz.002987,京北方,15.48,131.03
sz.002988,豪美新材,33.01,85.31
sz.002989,中天精装,32.71,59.52
sz.002990,盛视科技,63.1,85.26
sz.002992,宝明科技,49.29,79.6
sz.002993,奥海科技,58.63,126.38
sz.002997,瑞鹄模具,35.16,70.32
sz.003006,百亚股份,17.46,76.45
sz.003009,中天火箭,65.5,107.13
sz.003010,若羽臣,28.82,66.65
sz.003013,地铁设计,13.75,55.39
sz.003018,金富科技,48.87,115.78
sz.003019,宸展光电,35.0,60.58
sz.003021,兆威机电,102.24,211.12
sz.003022,联泓新科,24.99,332.73
sz.003031,中瓷电子,150.99,491.27
sz.003035,南网能源,8.28,300.42
sz.003036,泰坦股份,44.0,89.78
sz.003039,顺控发展,14.49,89.62
sz.003040,楚天龙,14.85,68.72
sz.003041,真爱美家,65.28,89.05
